run_id,atm_id,split,stage2_class,subtype,start_hour_ist,t_start,t_end,t_onset,t_failure,severity,n_transactions,peak_temperature_c,min_voltage_v,fault_channel,params,seed,n_windows
RUN_00162,ATM_028,train,SENSOR_FAULT,SENSOR_STUCK,15.708,1804826547,1804840946,1804830961.0,,1.0,48,29.74,214.0,voltage,"{""kind"": ""SENSOR_STUCK"", ""channel"": ""voltage"", ""null_rate"": 0.0046137635823391325}",1311272624,233
RUN_00032,ATM_028,train,COOLING_FAILURE,COOLING_DEGRADATION,22.37,1793618532,1793632931,1793624186.0,,0.851,7,37.39,216.87,,"{""develop_s"": 2253.8238726183195, ""health_floor"": 0.1490397220891252}",344175668,233
RUN_00139,ATM_025,train,TAMPER,TAMPER,22.736,1802864647,1802879046,1802868779.0,,38.8105,4,28.75,218.6,,"{""n_episodes"": 7}",596767621,209
RUN_00193,ATM_039,train,SENSOR_FAULT,SENSOR_NOISE,21.275,1807524989,1807539388,1807530321.0,,32.1381,11,29.02,217.39,current,"{""kind"": ""SENSOR_NOISE"", ""channel"": ""current"", ""inflation"": 32.13806198256144}",866681041,233
RUN_00151,ATM_034,validation,TAMPER,TAMPER,3.479,1803832124,1803846523,1803836740.0,,38.7963,6,28.77,217.88,,"{""n_episodes"": 4}",1613051819,43
RUN_00039,ATM_002,validation,COOLING_FAILURE,COOLING_DEGRADATION,9.866,1794178319,1794192718,1794183377.0,,0.8239,50,37.57,217.23,,"{""develop_s"": 5020.364564467039, ""health_floor"": 0.17608366266438208}",2007370783,48
RUN_00089,ATM_035,train,POWER_FAILURE,POWER_INSTABILITY,5.892,1798484010,1798498409,1798489185.0,,27.9728,33,29.43,153.08,,"{""event_rate_per_hour"": 61.4881842093152, ""n_events"": 152}",2000134777,233
RUN_00005,ATM_036,train,NORMAL,NORMAL,9.61,1791239796,1791254195,,,0.0,43,29.64,217.82,,{},779406769,236
RUN_00173,ATM_024,train,SENSOR_FAULT,SENSOR_BIAS,22.471,1805801296,1805815695,1805807505.0,,19.4077,6,29.04,211.7,current,"{""kind"": ""SENSOR_BIAS"", ""channel"": ""current"", ""sigmas"": 19.40773362300801}",460841144,233
RUN_00042,ATM_030,train,COOLING_FAILURE,FAN_STALL,18.044,1794466958,1794481357,1794474001.0,,0.9632,34,43.16,216.74,,"{""develop_s"": 8.803594570662042, ""health_floor"": 0.03682360033048526}",1728612497,233
RUN_00112,ATM_013,train,TAMPER,TAMPER,8.591,1800480926,1800495325,1800487853.0,,41.0249,39,29.34,217.51,,"{""n_episodes"": 7}",1200769451,218
RUN_00133,ATM_020,train,TAMPER,TAMPER,19.915,1802336095,1802350494,1802342882.0,,36.0909,14,29.1,214.93,,"{""n_episodes"": 4}",1755558365,227
RUN_00013,ATM_037,train,NORMAL,NORMAL,10.955,1791935839,1791950238,,,0.0,33,29.6,212.66,,{},598720982,236
RUN_00183,ATM_042,train,SENSOR_FAULT,SENSOR_SPIKE,4.903,1806602049,1806616448,1806608709.0,,2.9382,11,29.15,217.39,current,"{""kind"": ""SENSOR_SPIKE"", ""channel"": ""current"", ""rate"": 0.05045776568649528, ""sigmas"": 58.230040746322814}",862206609,234
RUN_00189,ATM_001,test,SENSOR_FAULT,SENSOR_SPIKE,14.791,1807156048,1807170447,1807162879.0,,1.1235,42,29.76,215.42,light,"{""kind"": ""SENSOR_SPIKE"", ""channel"": ""light"", ""rate"": 0.02898941511620353, ""sigmas"": 38.756218429314934}",1283804901,47
RUN_00056,ATM_016,train,HIGH_HUMIDITY,HIGH_HUMIDITY,21.311,1795688319,1795702718,1795692636.0,,0.5969,8,28.9,218.39,,"{""develop_s"": 2819.850871817768, ""ah_multiplier"": 1.5969443385251894}",932484659,233
RUN_00186,ATM_019,train,SENSOR_FAULT,SENSOR_SPIKE,23.145,1806926920,1806941319,1806933363.0,,1.5044,6,28.96,210.57,current,"{""kind"": ""SENSOR_SPIKE"", ""channel"": ""current"", ""rate"": 0.044060422887287364, ""sigmas"": 34.14466668175844}",977749125,233
RUN_00010,ATM_036,train,NORMAL,NORMAL,3.028,1791648100,1791662499,,,0.0,8,28.68,218.4,,{},839299082,236
RUN_00079,ATM_014,test,POWER_FAILURE,POWER_UNDERVOLTAGE,11.029,1797638504,1797652903,1797645185.0,,23.6094,49,29.85,193.99,,"{""develop_s"": 231.0520536143608, ""target_v"": 206.39064839374637}",1938416257,47
RUN_00128,ATM_026,train,TAMPER,TAMPER,11.295,1801873061,1801887460,1801879391.0,,41.1562,44,29.72,217.34,,"{""n_episodes"": 5}",691040216,209
RUN_00123,ATM_042,train,TAMPER,TAMPER,15.038,1801454535,1801468934,1801461253.0,,40.7335,40,29.58,219.68,,"{""n_episodes"": 7}",1614662080,219
RUN_00114,ATM_029,train,TAMPER,TAMPER,11.844,1800665439,1800679838,1800670302.0,,44.7359,49,29.93,218.59,,"{""n_episodes"": 7}",570283308,221
RUN_00052,ATM_041,train,HIGH_HUMIDITY,HIGH_HUMIDITY,19.977,1795337916,1795352315,1795344489.0,,0.7047,16,29.3,215.45,,"{""develop_s"": 2767.872757611194, ""ah_multiplier"": 1.7047288105801115}",579346565,233
RUN_00130,ATM_025,train,TAMPER,TAMPER,15.011,1802059239,1802073638,1802062870.0,,42.36,49,29.93,219.45,,"{""n_episodes"": 5}",376196002,218
RUN_00172,ATM_011,train,SENSOR_FAULT,SENSOR_BIAS,0.356,1805635280,1805649679,1805639395.0,,21.6666,3,28.62,218.05,light,"{""kind"": ""SENSOR_BIAS"", ""channel"": ""light"", ""sigmas"": -21.666577555400835}",2026281745,233
RUN_00035,ATM_009,train,COOLING_FAILURE,COOLING_DEGRADATION,5.233,1793816039,1793830438,1793822800.0,1793828499.0,0.8735,23,38.83,217.16,,"{""develop_s"": 4092.6170661949013, ""health_floor"": 0.12652589845376933}",1594685572,233
RUN_00146,ATM_032,validation,TAMPER,TAMPER,12.742,1803433470,1803447869,1803438250.0,,40.5804,39,29.84,204.03,,"{""n_episodes"": 6}",1327604918,44
RUN_00091,ATM_011,train,POWER_FAILURE,POWER_INSTABILITY,4.55,1798651979,1798666378,1798655761.0,,27.8832,21,29.05,120.12,,"{""event_rate_per_hour"": 82.64396672902714, ""n_events"": 243}",761700297,233
RUN_00145,ATM_027,validation,TAMPER,TAMPER,12.481,1803346132,1803360531,1803353269.0,,41.7754,39,29.66,218.41,,"{""n_episodes"": 5}",1004569871,47
RUN_00038,ATM_017,validation,COOLING_FAILURE,COOLING_DEGRADATION,7.983,1794085139,1794099538,1794090360.0,,0.6691,35,34.09,214.56,,"{""develop_s"": 2079.943164467221, ""health_floor"": 0.3309395700605033}",933783023,47
RUN_00053,ATM_035,train,HIGH_HUMIDITY,HIGH_HUMIDITY,12.35,1795396860,1795411259,1795402181.0,,0.4509,32,29.99,218.29,,"{""develop_s"": 1435.023571889031, ""ah_multiplier"": 1.4509123605491228}",11744918,233
RUN_00028,ATM_014,test,NORMAL,NORMAL,2.994,1793203179,1793217578,,,0.0,6,28.8,213.63,,{},800890117,48
RUN_00117,ATM_021,train,TAMPER,TAMPER,4.073,1800896663,1800911062,1800901858.0,,46.8098,13,29.0,217.87,,"{""n_episodes"": 5}",259280906,225
RUN_00080,ATM_005,train,POWER_FAILURE,POWER_OVERVOLTAGE,11.961,1797728258,1797742657,1797732807.0,,23.0814,37,29.87,218.48,,"{""develop_s"": 588.7317992144502, ""target_v"": 253.08140992804653}",2013145837,233
RUN_00051,ATM_030,train,HIGH_HUMIDITY,HIGH_HUMIDITY,15.918,1795236905,1795251304,1795240536.0,,0.3974,44,29.6,216.22,,"{""develop_s"": 3666.028106518581, ""ah_multiplier"": 1.3974497110716477}",62434807,233
RUN_00059,ATM_006,train,HIGH_HUMIDITY,HIGH_HUMIDITY,10.059,1795907010,1795921409,1795911796.0,,0.4595,43,29.85,216.39,,"{""develop_s"": 2499.599097641505, ""ah_multiplier"": 1.4594785369307688}",729282277,233
RUN_00191,ATM_037,train,SENSOR_FAULT,SENSOR_NOISE,13.023,1807322484,1807336883,1807329145.0,,19.9365,44,29.65,218.31,humidity,"{""kind"": ""SENSOR_NOISE"", ""channel"": ""humidity"", ""inflation"": 19.9364613722877}",1469812194,233
RUN_00113,ATM_028,train,TAMPER,TAMPER,22.165,1800616193,1800630592,1800621009.0,,40.195,5,28.73,220.32,,"{""n_episodes"": 6}",992855416,218
RUN_00061,ATM_043,train,HIGH_HUMIDITY,HIGH_HUMIDITY,19.118,1796112423,1796126822,1796116956.0,,0.86,34,29.38,216.5,,"{""develop_s"": 1249.6248342490155, ""ah_multiplier"": 1.8599517044021656}",1344340741,233
RUN_00049,ATM_033,test,COOLING_FAILURE,FAN_STALL,19.225,1795076011,1795090410,1795083202.0,,0.9702,29,43.67,215.94,,"{""develop_s"": 4.296725436403937, ""health_floor"": 0.029802182375770016}",863068001,48
RUN_00083,ATM_030,train,POWER_FAILURE,POWER_OVERVOLTAGE,11.352,1797985268,1797999667,1797989192.0,,39.0042,39,29.7,218.28,,"{""develop_s"": 133.24018561859128, ""target_v"": 269.0041780354746}",334098262,233
RUN_00185,ATM_029,train,SENSOR_FAULT,SENSOR_SPIKE,9.261,1806790541,1806804940,1806794631.0,,0.565,52,29.65,216.2,current,"{""kind"": ""SENSOR_SPIKE"", ""channel"": ""current"", ""rate"": 0.023974892772632678, ""sigmas"": 23.56535475271707}",1434415242,233
RUN_00192,ATM_021,train,SENSOR_FAULT,SENSOR_NOISE,16.303,1807420689,1807435088,1807427363.0,,38.8505,38,29.87,216.95,light,"{""kind"": ""SENSOR_NOISE"", ""channel"": ""light"", ""inflation"": 38.85045500603539}",950315896,233
RUN_00073,ATM_031,train,POWER_FAILURE,POWER_UNDERVOLTAGE,20.743,1797155076,1797169475,1797159167.0,,31.6835,12,29.16,186.29,,"{""develop_s"": 725.0762586496154, ""target_v"": 198.31650086199676}",1618825177,233
RUN_00102,ATM_039,train,POWER_FAILURE,POWER_OUTAGE,23.839,1799671819,1799686218,1799679003.0,,1236.0,4,35.1,1.03,,"{""outage_duration_s"": 1236.0}",331446144,230
RUN_00034,ATM_024,train,COOLING_FAILURE,COOLING_DEGRADATION,5.297,1793729868,1793744267,1793733548.0,1793743966.0,0.8426,21,38.17,217.63,,"{""develop_s"": 5186.997632408813, ""health_floor"": 0.15741304590885033}",1223866820,233
RUN_00031,ATM_010,train,COOLING_FAILURE,COOLING_DEGRADATION,12.494,1793496580,1793510979,1793501111.0,1793506139.0,0.9226,42,41.42,215.33,,"{""develop_s"": 4348.298212322369, ""health_floor"": 0.07736499264432714}",1057965813,233
RUN_00143,ATM_010,train,TAMPER,TAMPER,18.998,1803196794,1803211193,1803202180.0,,39.8777,24,29.48,218.17,,"{""n_episodes"": 5}",205354052,233
RUN_00088,ATM_020,train,POWER_FAILURE,POWER_INSTABILITY,1.445,1798381600,1798395999,1798385703.0,,29.0838,1,28.57,139.06,,"{""event_rate_per_hour"": 42.926838666815144, ""n_events"": 129}",1805676541,233
RUN_00045,ATM_022,train,COOLING_FAILURE,FAN_STALL,6.966,1794686278,1794700677,1794692828.0,,0.9735,35,44.97,215.35,,"{""develop_s"": 6.684270188095375, ""health_floor"": 0.026520578505345827}",1491203328,233
RUN_00033,ATM_011,train,COOLING_FAILURE,COOLING_DEGRADATION,3.21,1793635954,1793650353,1793640596.0,1793648443.0,0.8681,6,38.46,217.48,,"{""develop_s"": 3096.345318022686, ""health_floor"": 0.13188501255935392}",1089170142,233
RUN_00104,ATM_027,validation,POWER_FAILURE,POWER_OUTAGE,13.585,1799807706,1799822105,1799814840.0,,2763.0,43,41.75,2.11,,"{""outage_duration_s"": 2763.0}",300924781,47
RUN_00060,ATM_041,train,HIGH_HUMIDITY,HIGH_HUMIDITY,11.378,1795998161,1796012560,1796001825.0,,0.7434,32,29.73,211.04,,"{""develop_s"": 2101.9613127019993, ""ah_multiplier"": 1.7433733221874372}",2073927117,233
RUN_00120,ATM_029,train,TAMPER,TAMPER,16.993,1801202373,1801216772,1801209255.0,,42.1017,49,29.57,215.42,,"{""n_episodes"": 6}",5663370,212
RUN_00063,ATM_037,train,HIGH_HUMIDITY,HIGH_HUMIDITY,21.983,1796295537,1796309936,1796299672.0,,0.5534,2,29.24,217.34,,"{""develop_s"": 3233.41931134501, ""ah_multiplier"": 1.5533862531641263}",496641209,233
RUN_00004,ATM_021,train,NORMAL,NORMAL,8.511,1791149438,1791163837,,,0.0,42,29.54,218.22,,{},970466275,236
RUN_00178,ATM_028,train,SENSOR_FAULT,SENSOR_DRIFT,22.211,1806232359,1806246758,1806236323.0,,31.5143,5,28.71,215.41,temperature,"{""kind"": ""SENSOR_DRIFT"", ""channel"": ""temperature"", ""sigmas"": 31.51430001545648}",1422086628,233
RUN_00057,ATM_031,train,HIGH_HUMIDITY,HIGH_HUMIDITY,19.34,1795767625,1795782024,1795772063.0,,0.8001,29,29.5,215.13,,"{""develop_s"": 3719.4246735571255, ""ah_multiplier"": 1.8001466763847955}",139390162,233
RUN_00012,ATM_029,train,NORMAL,NORMAL,5.597,1791830147,1791844546,,,0.0,26,29.0,218.74,,{},2035420188,236
RUN_00077,ATM_022,train,POWER_FAILURE,POWER_UNDERVOLTAGE,18.704,1797493332,1797507731,1797499089.0,,27.0011,27,29.52,189.87,,"{""develop_s"": 801.8201652742849, ""target_v"": 202.9988528375494}",1640492725,233
RUN_00119,ATM_035,train,TAMPER,TAMPER,10.021,1801090876,1801105275,1801097288.0,,43.0901,50,29.61,216.09,,"{""n_episodes"": 6}",493100524,218
RUN_00017,ATM_029,train,NORMAL,NORMAL,9.303,1792275491,1792289890,,,0.0,54,29.7,217.4,,{},365392733,236
RUN_00166,ATM_042,train,SENSOR_FAULT,SENSOR_STUCK,12.612,1805161004,1805175403,1805168052.0,,1.0,38,29.73,218.92,temperature,"{""kind"": ""SENSOR_STUCK"", ""channel"": ""temperature"", ""null_rate"": 0.04762802149696073}",2131912099,233
RUN_00159,ATM_014,test,TAMPER,TAMPER,0.558,1804512809,1804527208,1804517522.0,,39.776,2,28.66,211.44,,"{""n_episodes"": 7}",1243511074,44
RUN_00018,ATM_026,train,NORMAL,NORMAL,10.048,1792364573,1792378972,,,0.0,47,29.59,216.17,,{},1358457438,236
RUN_00105,ATM_007,test,POWER_FAILURE,POWER_OUTAGE,1.021,1799848877,1799863276,1799853024.0,,3447.0,0,40.97,2.77,,"{""outage_duration_s"": 3447.0}",1679429407,47
RUN_00020,ATM_012,train,NORMAL,NORMAL,9.957,1792537044,1792551443,,,0.0,50,29.69,218.99,,{},443097808,236
RUN_00187,ATM_036,train,SENSOR_FAULT,SENSOR_SPIKE,2.935,1806940566,1806954965,1806946444.0,,1.0749,5,28.85,219.92,current,"{""kind"": ""SENSOR_SPIKE"", ""channel"": ""current"", ""rate"": 0.050449620670222885, ""sigmas"": 21.306629633637968}",784541426,233
RUN_00025,ATM_004,test,NORMAL,NORMAL,19.908,1793004868,1793019267,,,0.0,26,29.27,217.3,,{},1126719087,48
RUN_00046,ATM_011,train,COOLING_FAILURE,FAN_STALL,23.967,1794833882,1794848281,1794840879.0,,0.967,1,42.78,208.47,,"{""develop_s"": 9.15712475561604, ""health_floor"": 0.03302928234996575}",1964548716,233
RUN_00137,ATM_021,train,TAMPER,TAMPER,12.134,1802653681,1802668080,1802658737.0,,42.935,29,29.68,219.03,,"{""n_episodes"": 6}",440217535,212
RUN_00078,ATM_003,validation,POWER_FAILURE,POWER_UNDERVOLTAGE,0.884,1797515583,1797529982,1797519401.0,,36.5131,2,28.52,180.6,,"{""develop_s"": 82.32769860798848, ""target_v"": 193.48690555584676}",1019872362,47
RUN_00087,ATM_004,test,POWER_FAILURE,POWER_OVERVOLTAGE,17.873,1798354341,1798368740,1798359633.0,,31.5561,51,29.55,217.01,,"{""develop_s"": 503.6201026305689, ""target_v"": 261.5561411014318}",254005463,47
RUN_00065,ATM_002,validation,HIGH_HUMIDITY,HIGH_HUMIDITY,6.583,1796412897,1796427296,1796418140.0,,0.4137,45,29.52,215.27,,"{""develop_s"": 2400.0856485833965, ""ah_multiplier"": 1.4137261255442586}",768251720,47
RUN_00075,ATM_019,train,POWER_FAILURE,POWER_UNDERVOLTAGE,9.754,1797288315,1797302714,1797293776.0,,30.7368,41,29.75,184.05,,"{""develop_s"": 464.6614211779986, ""target_v"": 199.2631525946}",1251016144,233
RUN_00076,ATM_024,train,POWER_FAILURE,POWER_UNDERVOLTAGE,10.135,1797376085,1797390484,1797380905.0,,28.5612,51,29.57,190.76,,"{""develop_s"": 211.62698121255738, ""target_v"": 201.4387787193657}",952062427,233
RUN_00188,ATM_032,validation,SENSOR_FAULT,SENSOR_SPIKE,16.922,1807077319,1807091718,1807083839.0,,2.5503,63,29.77,217.68,current,"{""kind"": ""SENSOR_SPIKE"", ""channel"": ""current"", ""rate"": 0.05128068721722041, ""sigmas"": 49.73165118935914}",1462464282,47
RUN_00085,ATM_013,train,POWER_FAILURE,POWER_OVERVOLTAGE,17.87,1798181532,1798195931,1798185461.0,,40.3002,48,29.67,224.89,,"{""develop_s"": 337.73139881163553, ""target_v"": 270.30019219704934}",2011863142,233
RUN_00150,ATM_044,validation,TAMPER,TAMPER,0.313,1803734327,1803748726,1803739500.0,,41.2959,1,28.56,219.23,,"{""n_episodes"": 7}",1204870984,46
RUN_00097,ATM_010,train,POWER_FAILURE,POWER_OUTAGE,5.496,1799173784,1799188183,1799178734.0,,3871.0,24,42.9,2.4,,"{""outage_duration_s"": 3871.0}",1048611556,230
RUN_00050,ATM_011,train,HIGH_HUMIDITY,HIGH_HUMIDITY,16.04,1795150943,1795165342,1795155077.0,,0.5939,57,29.65,218.87,,"{""develop_s"": 1918.3623499494859, ""ah_multiplier"": 1.5938997782561348}",66209535,233
RUN_00132,ATM_040,train,TAMPER,TAMPER,5.488,1802197757,1802212156,1802203093.0,,41.4623,28,29.65,216.0,,"{""n_episodes"": 6}",1238007977,212
RUN_00024,ATM_032,validation,NORMAL,NORMAL,14.28,1792898206,1792912605,,,0.0,45,29.71,216.54,,{},1010542536,48
RUN_00196,ATM_014,test,SENSOR_FAULT,SENSOR_NOISE,9.057,1807740205,1807754604,1807747339.0,,24.8914,63,29.6,218.32,temperature,"{""kind"": ""SENSOR_NOISE"", ""channel"": ""temperature"", ""inflation"": 24.891360609647805}",1084264493,47
RUN_00154,ATM_001,test,TAMPER,TAMPER,22.247,1804158888,1804173287,1804162950.0,,41.9332,11,28.8,218.73,,"{""n_episodes"": 6}",1860128689,44
RUN_00015,ATM_035,train,NORMAL,NORMAL,13.653,1792118349,1792132748,,,0.0,38,29.85,215.52,,{},1540697994,236
RUN_00036,ATM_037,train,COOLING_FAILURE,COOLING_DEGRADATION,5.225,1793902411,1793916810,1793909423.0,,0.8081,25,36.93,216.74,,"{""develop_s"": 2056.713915510708, ""health_floor"": 0.19189501944913545}",1315266424,233
RUN_00000,ATM_011,train,NORMAL,NORMAL,5.414,1790792690,1790807089,,,0.0,30,29.21,213.58,,{},1722894495,236
RUN_00093,ATM_043,train,POWER_FAILURE,POWER_INSTABILITY,14.104,1798859174,1798873573,1798862882.0,,28.9373,56,29.98,115.71,,"{""event_rate_per_hour"": 49.59904403452331, ""n_events"": 139}",2060499446,233
RUN_00037,ATM_038,train,COOLING_FAILURE,COOLING_DEGRADATION,23.876,1794055952,1794070351,1794060727.0,1794066945.0,0.9365,2,40.73,218.74,,"{""develop_s"": 5236.536045730845, ""health_floor"": 0.06353113052286939}",1270067126,233
RUN_00181,ATM_032,validation,SENSOR_FAULT,SENSOR_DRIFT,18.726,1806479014,1806493413,1806483112.0,,42.8455,35,29.57,217.03,humidity,"{""kind"": ""SENSOR_DRIFT"", ""channel"": ""humidity"", ""sigmas"": -42.84552966523384}",2103471375,47
RUN_00168,ATM_018,test,SENSOR_FAULT,SENSOR_STUCK,14.49,1805340565,1805354964,1805346269.0,,1.0,41,29.82,215.68,temperature,"{""kind"": ""SENSOR_STUCK"", ""channel"": ""temperature"", ""null_rate"": 0.04637967566656883}",391783370,48
RUN_00066,ATM_034,validation,HIGH_HUMIDITY,HIGH_HUMIDITY,23.516,1796560256,1796574655,1796565289.0,,0.4608,0,28.56,218.96,,"{""develop_s"": 1833.578875037268, ""ah_multiplier"": 1.460800363478529}",1138549342,47
RUN_00153,ATM_014,test,TAMPER,TAMPER,8.076,1804021474,1804035873,1804026622.0,,43.3396,57,29.48,219.04,,"{""n_episodes"": 6}",448451977,44
RUN_00072,ATM_016,train,POWER_FAILURE,POWER_UNDERVOLTAGE,18.529,1797060706,1797075105,1797067502.0,,41.5575,37,29.61,172.1,,"{""develop_s"": 194.2732665511692, ""target_v"": 188.44248664169805}",1841873847,233
RUN_00179,ATM_019,train,SENSOR_FAULT,SENSOR_DRIFT,2.284,1806247022,1806261421,1806251589.0,,100.4563,4,28.86,218.04,temperature,"{""kind"": ""SENSOR_DRIFT"", ""channel"": ""temperature"", ""sigmas"": -100.45627945400481}",1274626226,233
RUN_00129,ATM_038,train,TAMPER,TAMPER,5.423,1801938321,1801952720,1801942890.0,,43.1862,19,29.08,217.63,,"{""n_episodes"": 7}",986765829,233
RUN_00195,ATM_034,validation,SENSOR_FAULT,SENSOR_NOISE,13.982,1807671536,1807685935,1807678249.0,,54.5975,47,29.96,215.78,voltage,"{""kind"": ""SENSOR_NOISE"", ""channel"": ""voltage"", ""inflation"": 54.59752484046039}",2007642807,47
RUN_00069,ATM_004,test,HIGH_HUMIDITY,HIGH_HUMIDITY,15.14,1796789303,1796803702,1796794941.0,,0.8514,46,29.68,216.59,,"{""develop_s"": 2116.251271666983, ""ah_multiplier"": 1.8513532263211598}",1055547501,47
RUN_00030,ATM_021,train,COOLING_FAILURE,COOLING_DEGRADATION,9.427,1793399138,1793413537,1793405806.0,,0.6838,41,34.34,216.54,,"{""develop_s"": 5091.375082245555, ""health_floor"": 0.3162007466672616}",526399106,233
RUN_00048,ATM_034,validation,COOLING_FAILURE,FAN_STALL,18.317,1794986340,1795000739,1794992688.0,,0.9911,27,45.41,212.51,,"{""develop_s"": 3.4387699255763113, ""health_floor"": 0.008934052363873951}",1400705794,48
RUN_00021,ATM_002,validation,NORMAL,NORMAL,14.799,1792640877,1792655276,,,0.0,51,29.94,214.19,,{},1829166126,48
RUN_00141,ATM_036,train,TAMPER,TAMPER,16.171,1803013814,1803028213,1803018437.0,,38.6783,44,29.53,223.83,,"{""n_episodes"": 5}",518167984,224
RUN_00110,ATM_005,train,TAMPER,TAMPER,13.88,1800327167,1800341566,1800330955.0,,42.3321,37,29.7,218.29,,"{""n_episodes"": 7}",1857384077,207
RUN_00122,ATM_035,train,TAMPER,TAMPER,22.711,1801395761,1801410160,1801402528.0,,40.516,5,28.55,212.88,,"{""n_episodes"": 6}",1073532150,213
RUN_00142,ATM_010,train,TAMPER,TAMPER,15.257,1803096925,1803111324,1803103872.0,,41.3058,49,29.75,217.34,,"{""n_episodes"": 5}",777010877,221
RUN_00067,ATM_034,validation,HIGH_HUMIDITY,HIGH_HUMIDITY,11.349,1796602856,1796617255,1796609864.0,,0.8298,31,29.7,215.35,,"{""develop_s"": 1375.197447671708, ""ah_multiplier"": 1.8298062671356048}",351880803,47
RUN_00007,ATM_042,train,NORMAL,NORMAL,19.249,1791447296,1791461695,,,0.0,34,29.35,214.73,,{},152508936,236
RUN_00182,ATM_018,test,SENSOR_FAULT,SENSOR_DRIFT,15.061,1806552218,1806566617,1806557471.0,,111.6989,54,29.73,217.48,voltage,"{""kind"": ""SENSOR_DRIFT"", ""channel"": ""voltage"", ""sigmas"": 111.69890162558974}",145217188,47
RUN_00131,ATM_012,train,TAMPER,TAMPER,10.054,1802127792,1802142191,1802134620.0,,43.1048,49,29.62,216.99,,"{""n_episodes"": 5}",686431243,218
RUN_00175,ATM_018,test,SENSOR_FAULT,SENSOR_BIAS,4.354,1805908874,1805923273,1805914448.0,,20.143,10,28.79,218.31,humidity,"{""kind"": ""SENSOR_BIAS"", ""channel"": ""humidity"", ""sigmas"": -20.143017830914825}",1812222438,47
RUN_00103,ATM_027,validation,POWER_FAILURE,POWER_OUTAGE,15.592,1799728530,1799742929,1799735553.0,,3081.0,52,42.73,0.46,,"{""outage_duration_s"": 3081.0}",493429696,46
RUN_00084,ATM_016,train,POWER_FAILURE,POWER_OVERVOLTAGE,21.396,1798107824,1798122223,1798114916.0,,24.5297,11,29.13,219.92,,"{""develop_s"": 363.9624212947619, ""target_v"": 254.52972692224066}",816758595,233
RUN_00096,ATM_029,train,POWER_FAILURE,POWER_OUTAGE,19.045,1799136161,1799150560,1799142637.0,,3133.0,31,41.65,2.56,,"{""outage_duration_s"": 3133.0}",1855098547,230
RUN_00009,ATM_042,train,NORMAL,NORMAL,11.625,1791592649,1791607048,,,0.0,41,29.64,216.5,,{},618043938,236
RUN_00062,ATM_005,train,HIGH_HUMIDITY,HIGH_HUMIDITY,9.634,1796164683,1796179082,1796169154.0,,0.5031,47,29.63,217.77,,"{""develop_s"": 1405.4536880452092, ""ah_multiplier"": 1.5031458631917693}",1498094327,233
RUN_00054,ATM_020,train,HIGH_HUMIDITY,HIGH_HUMIDITY,8.459,1795469254,1795483653,1795473378.0,,0.7691,44,29.43,217.66,,"{""develop_s"": 3113.985922075484, ""ah_multiplier"": 1.7691473407180123}",1330531159,233
RUN_00184,ATM_019,train,SENSOR_FAULT,SENSOR_SPIKE,8.428,1806701141,1806715540,1806704981.0,,0.4516,61,29.8,220.54,pressure,"{""kind"": ""SENSOR_SPIKE"", ""channel"": ""pressure"", ""rate"": 0.014541815049534876, ""sigmas"": 31.057117970660556}",353698888,234
RUN_00144,ATM_042,train,TAMPER,TAMPER,1.53,1803220307,1803234706,1803225678.0,,38.3719,4,28.56,218.28,,"{""n_episodes"": 7}",1407095835,204
RUN_00074,ATM_036,train,POWER_FAILURE,POWER_UNDERVOLTAGE,20.186,1797239468,1797253867,1797246527.0,,26.8922,10,29.2,192.6,,"{""develop_s"": 866.469466959716, ""target_v"": 203.10781629930204}",1602577971,233
RUN_00163,ATM_015,train,SENSOR_FAULT,SENSOR_STUCK,15.154,1804910956,1804925355,1804916526.0,,1.0,50,29.91,219.86,pressure,"{""kind"": ""SENSOR_STUCK"", ""channel"": ""pressure"", ""null_rate"": 0.06662946731820436}",1350693279,233
RUN_00156,ATM_018,test,TAMPER,TAMPER,2.019,1804258869,1804273268,1804265906.0,,47.8766,3,28.46,219.21,,"{""n_episodes"": 4}",1614423092,45
RUN_00125,ATM_011,train,TAMPER,TAMPER,13.551,1801621984,1801636383,1801628661.0,,42.0289,54,29.73,218.51,,"{""n_episodes"": 4}",1905104605,218
RUN_00140,ATM_005,train,TAMPER,TAMPER,4.724,1802886206,1802900605,1802892645.0,,44.4424,19,29.23,216.09,,"{""n_episodes"": 5}",945711576,230
RUN_00160,ATM_014,test,TAMPER,TAMPER,4.084,1804611902,1804626301,1804618851.0,,39.6086,10,28.66,212.94,,"{""n_episodes"": 5}",524565611,46
RUN_00127,ATM_029,train,TAMPER,TAMPER,2.339,1801754421,1801768820,1801758880.0,,44.478,3,28.87,218.99,,"{""n_episodes"": 7}",253644677,208
RUN_00177,ATM_030,train,SENSOR_FAULT,SENSOR_DRIFT,23.997,1806152389,1806166788,1806157316.0,,83.6467,3,28.66,217.59,current,"{""kind"": ""SENSOR_DRIFT"", ""channel"": ""current"", ""sigmas"": -83.64674358484908}",1550166093,233
RUN_00124,ATM_030,train,TAMPER,TAMPER,20.208,1801559547,1801573946,1801566737.0,,42.2005,20,29.27,220.88,,"{""n_episodes"": 4}",410627316,233
RUN_00070,ATM_007,test,HIGH_HUMIDITY,HIGH_HUMIDITY,18.825,1796888970,1796903369,1796893084.0,,0.653,40,29.27,217.93,,"{""develop_s"": 1987.6168856125385, ""ah_multiplier"": 1.653026011228444}",287807588,47
RUN_00165,ATM_040,train,SENSOR_FAULT,SENSOR_STUCK,4.369,1805044927,1805059326,1805049489.0,,1.0,15,29.11,219.4,humidity,"{""kind"": ""SENSOR_STUCK"", ""channel"": ""humidity"", ""null_rate"": 0.0046195057159416205}",1130743685,233
RUN_00001,ATM_006,train,NORMAL,NORMAL,1.218,1790863985,1790878384,,,0.0,4,28.58,216.25,,{},418957949,236
RUN_00094,ATM_017,validation,POWER_FAILURE,POWER_INSTABILITY,19.504,1798965014,1798979413,1798970724.0,,27.0251,27,29.53,142.86,,"{""event_rate_per_hour"": 70.88322312788719, ""n_events"": 160}",1705738308,48
RUN_00134,ATM_025,train,TAMPER,TAMPER,21.84,1802429423,1802443822,1802433874.0,,43.8206,7,29.27,220.57,,"{""n_episodes"": 4}",1330477929,224
RUN_00118,ATM_031,train,TAMPER,TAMPER,12.763,1801014347,1801028746,1801018080.0,,38.9559,52,29.82,217.63,,"{""n_episodes"": 6}",1206503924,208
RUN_00019,ATM_025,train,NORMAL,NORMAL,9.651,1792449543,1792463942,,,0.0,42,29.63,209.8,,{},1717698284,236
RUN_00158,ATM_033,test,TAMPER,TAMPER,20.71,1804498956,1804513355,1804504847.0,,43.121,11,28.91,219.09,,"{""n_episodes"": 7}",1403476085,46
RUN_00029,ATM_018,test,NORMAL,NORMAL,22.932,1793361355,1793375754,,,0.0,2,28.69,216.13,,{},859492085,48
RUN_00016,ATM_008,train,NORMAL,NORMAL,13.031,1792202510,1792216909,,,0.0,54,29.88,215.55,,{},393183468,236
RUN_00047,ATM_043,train,COOLING_FAILURE,FAN_STALL,9.889,1794869599,1794883998,1794875464.0,,0.99,40,45.91,214.68,,"{""develop_s"": 4.069617956573573, ""health_floor"": 0.010024887755353774}",1532269572,233
RUN_00152,ATM_002,validation,TAMPER,TAMPER,21.857,1803984685,1803999084,1803991212.0,,39.972,10,29.26,219.1,,"{""n_episodes"": 4}",1016533526,45
RUN_00011,ATM_012,train,NORMAL,NORMAL,9.969,1791759489,1791773888,,,0.0,45,29.46,216.69,,{},1759794138,236
RUN_00116,ATM_009,train,TAMPER,TAMPER,6.973,1800820702,1800835101,1800826932.0,,41.1954,36,29.27,215.69,,"{""n_episodes"": 5}",1764693991,219
RUN_00176,ATM_008,train,SENSOR_FAULT,SENSOR_DRIFT,15.739,1806036259,1806050658,1806042705.0,,82.8923,49,29.61,217.1,current,"{""kind"": ""SENSOR_DRIFT"", ""channel"": ""current"", ""sigmas"": 82.89233169934056}",1990104149,233
RUN_00003,ATM_038,train,NORMAL,NORMAL,9.799,1791067678,1791082077,,,0.0,51,29.72,215.99,,{},1107413021,236
RUN_00149,ATM_044,validation,TAMPER,TAMPER,16.648,1803706731,1803721130,1803712119.0,,39.8665,47,29.78,216.59,,"{""n_episodes"": 6}",1747856649,41
RUN_00064,ATM_011,train,HIGH_HUMIDITY,HIGH_HUMIDITY,18.204,1796368333,1796382732,1796375489.0,,0.5812,38,29.39,212.17,,"{""develop_s"": 2964.350570057118, ""ah_multiplier"": 1.5811989532386055}",1470845996,233
RUN_00161,ATM_018,test,TAMPER,TAMPER,2.049,1804690975,1804705374,1804695740.0,,40.3285,3,28.64,215.55,,"{""n_episodes"": 6}",17253700,46
RUN_00090,ATM_010,train,POWER_FAILURE,POWER_INSTABILITY,2.047,1798556569,1798570968,1798563590.0,,28.0475,4,28.64,161.28,,"{""event_rate_per_hour"": 66.70695043160804, ""n_events"": 130}",50452151,233
RUN_00167,ATM_003,validation,SENSOR_FAULT,SENSOR_STUCK,21.434,1805279161,1805293560,1805285828.0,,1.0,15,29.03,216.34,current,"{""kind"": ""SENSOR_STUCK"", ""channel"": ""current"", ""null_rate"": 0.007330033117521451}",1618552071,47
RUN_00044,ATM_012,train,COOLING_FAILURE,FAN_STALL,2.39,1794583405,1794597804,1794587010.0,,0.9883,3,45.19,219.55,,"{""develop_s"": 4.21735144079126, ""health_floor"": 0.01174335812256529}",1097852324,233
RUN_00002,ATM_042,train,NORMAL,NORMAL,20.367,1791019321,1791033720,,,0.0,21,29.24,217.72,,{},756780064,236
RUN_00171,ATM_029,train,SENSOR_FAULT,SENSOR_BIAS,23.014,1805630451,1805644850,1805637314.0,,30.0636,5,28.58,216.65,pressure,"{""kind"": ""SENSOR_BIAS"", ""channel"": ""pressure"", ""sigmas"": 30.063553884396043}",158119171,233
RUN_00100,ATM_015,train,POWER_FAILURE,POWER_OUTAGE,8.792,1799444851,1799459250,1799449377.0,,2262.0,36,39.58,2.93,,"{""outage_duration_s"": 2262.0}",446239756,230
RUN_00148,ATM_027,validation,TAMPER,TAMPER,6.551,1803583983,1803598382,1803588491.0,,42.4994,31,29.23,215.13,,"{""n_episodes"": 4}",225551435,42
RUN_00068,ATM_004,test,HIGH_HUMIDITY,HIGH_HUMIDITY,21.757,1796726724,1796741123,1796731572.0,,0.6865,10,28.95,217.76,,"{""develop_s"": 1707.9028058773033, ""ah_multiplier"": 1.6864724796807873}",1328687933,48
RUN_00101,ATM_010,train,POWER_FAILURE,POWER_OUTAGE,18.322,1799565557,1799579956,1799571938.0,,1704.0,40,37.77,2.02,,"{""outage_duration_s"": 1704.0}",1415641914,230
RUN_00026,ATM_018,test,NORMAL,NORMAL,22.297,1793099870,1793114269,,,0.0,6,28.86,219.3,,{},381780680,48
RUN_00106,ATM_023,train,TAMPER,TAMPER,14.257,1799982925,1799997324,1799987778.0,,39.7481,43,29.74,218.8,,"{""n_episodes"": 5}",722912530,218
RUN_00086,ATM_032,validation,POWER_FAILURE,POWER_OVERVOLTAGE,2.762,1798213542,1798227941,1798220399.0,,25.3658,2,28.66,215.68,,"{""develop_s"": 482.3174606156431, ""target_v"": 255.36584212021555}",556829222,48
RUN_00136,ATM_005,train,TAMPER,TAMPER,14.088,1802574315,1802588714,1802578163.0,,40.8423,38,29.57,207.01,,"{""n_episodes"": 6}",816632871,221
RUN_00027,ATM_033,test,NORMAL,NORMAL,10.159,1793142573,1793156972,,,0.0,44,29.71,216.76,,{},947079476,48
RUN_00190,ATM_011,train,SENSOR_FAULT,SENSOR_NOISE,2.449,1807198016,1807212415,1807203893.0,,12.0553,2,28.66,217.98,current,"{""kind"": ""SENSOR_NOISE"", ""channel"": ""current"", ""inflation"": 12.055272206853076}",262022497,233
RUN_00126,ATM_020,train,TAMPER,TAMPER,0.424,1801661125,1801675524,1801665362.0,,41.8059,2,28.6,215.15,,"{""n_episodes"": 6}",1126342524,215
RUN_00194,ATM_038,train,SENSOR_FAULT,SENSOR_NOISE,18.689,1807602080,1807616479,1807607764.0,,12.5232,36,29.18,218.02,current,"{""kind"": ""SENSOR_NOISE"", ""channel"": ""current"", ""inflation"": 12.52321216743324}",318993784,233
RUN_00138,ATM_039,train,TAMPER,TAMPER,15.677,1802752838,1802767237,1802756787.0,,42.2864,58,29.76,217.16,,"{""n_episodes"": 7}",1843198487,209
RUN_00043,ATM_023,train,COOLING_FAILURE,FAN_STALL,3.07,1794499452,1794513851,1794506604.0,,0.9563,1,42.37,217.64,,"{""develop_s"": 7.511220140121388, ""health_floor"": 0.04366670771527961}",478617312,233
RUN_00157,ATM_001,test,TAMPER,TAMPER,7.032,1804363314,1804377713,1804369449.0,,42.4613,38,29.52,219.2,,"{""n_episodes"": 7}",875462724,45
RUN_00121,ATM_010,train,TAMPER,TAMPER,9.633,1801262278,1801276677,1801266707.0,,40.6042,29,29.67,218.98,,"{""n_episodes"": 7}",884767916,218
RUN_00109,ATM_040,train,TAMPER,TAMPER,12.757,1800236724,1800251123,1800240648.0,,44.3519,40,29.75,215.55,,"{""n_episodes"": 7}",1260161214,215
RUN_00169,ATM_009,train,SENSOR_FAULT,SENSOR_BIAS,23.575,1805459668,1805474067,1805464747.0,,16.7179,5,28.99,216.39,light,"{""kind"": ""SENSOR_BIAS"", ""channel"": ""light"", ""sigmas"": 16.717869083026287}",954726503,233
RUN_00008,ATM_010,train,NORMAL,NORMAL,11.232,1791504836,1791519235,,,0.0,35,29.82,219.39,,{},2024371727,236
RUN_00071,ATM_001,test,HIGH_HUMIDITY,HIGH_HUMIDITY,7.015,1796932854,1796947253,1796937301.0,,0.5011,36,29.33,218.53,,"{""develop_s"": 4162.523383719811, ""ah_multiplier"": 1.501114346001935}",1792529589,48
RUN_00180,ATM_015,train,SENSOR_FAULT,SENSOR_DRIFT,1.531,1806330711,1806345110,1806334527.0,,30.7014,2,28.67,218.01,temperature,"{""kind"": ""SENSOR_DRIFT"", ""channel"": ""temperature"", ""sigmas"": 30.70140136935227}",1763780181,233
RUN_00006,ATM_039,train,NORMAL,NORMAL,13.723,1791341001,1791355400,,,0.0,43,29.7,219.17,,{},159770875,236
RUN_00098,ATM_024,train,POWER_FAILURE,POWER_OUTAGE,18.835,1799308205,1799322604,1799315159.0,,4230.0,26,43.42,1.15,,"{""outage_duration_s"": 4230.0}",1005849122,230
RUN_00055,ATM_038,train,HIGH_HUMIDITY,HIGH_HUMIDITY,22.637,1795606694,1795621093,1795613431.0,,0.624,2,28.7,217.83,,"{""develop_s"": 3800.0822783816525, ""ah_multiplier"": 1.6239763081378606}",1885677259,233
RUN_00164,ATM_006,train,SENSOR_FAULT,SENSOR_STUCK,20.819,1805017749,1805032148,1805023043.0,,1.0,12,29.08,218.88,pressure,"{""kind"": ""SENSOR_STUCK"", ""channel"": ""pressure"", ""null_rate"": 0.01697174701418602}",1709602818,233
RUN_00099,ATM_038,train,POWER_FAILURE,POWER_OUTAGE,18.792,1799394449,1799408848,1799401425.0,,5091.0,43,44.53,1.73,,"{""outage_duration_s"": 5091.0}",1483300484,230
RUN_00014,ATM_009,train,NORMAL,NORMAL,1.004,1791986415,1792000814,,,0.0,2,28.51,217.17,,{},1918107055,236
RUN_00155,ATM_014,test,TAMPER,TAMPER,4.058,1804179808,1804194207,1804183471.0,,39.9542,7,28.91,214.29,,"{""n_episodes"": 6}",1619410141,46
RUN_00111,ATM_016,train,TAMPER,TAMPER,9.388,1800397397,1800411796,1800402747.0,,39.1386,54,30.04,214.7,,"{""n_episodes"": 5}",121479766,224
RUN_00095,ATM_007,test,POWER_FAILURE,POWER_INSTABILITY,12.18,1799025046,1799039445,1799030238.0,,28.8963,30,29.75,109.97,,"{""event_rate_per_hour"": 72.49232847710964, ""n_events"": 181}",715963354,47
RUN_00174,ATM_044,validation,SENSOR_FAULT,SENSOR_BIAS,21.551,1805884382,1805898781,1805890908.0,,23.9547,11,28.82,215.54,temperature,"{""kind"": ""SENSOR_BIAS"", ""channel"": ""temperature"", ""sigmas"": 23.954658490368473}",1680718528,47
RUN_00081,ATM_013,train,POWER_FAILURE,POWER_OVERVOLTAGE,7.594,1797798939,1797813338,1797805669.0,,29.6081,51,29.53,214.95,,"{""develop_s"": 605.9217992016465, ""target_v"": 259.60813759439316}",668772489,233
RUN_00040,ATM_014,test,COOLING_FAILURE,COOLING_DEGRADATION,16.812,1794289724,1794304123,1794294870.0,1794302349.0,0.8355,46,38.04,217.29,,"{""develop_s"": 3034.6524533743673, ""health_floor"": 0.16451047850549855}",537849896,48
RUN_00023,ATM_003,validation,NORMAL,NORMAL,12.966,1792807078,1792821477,,,0.0,35,29.84,215.34,,{},1789780881,48
RUN_00108,ATM_038,train,TAMPER,TAMPER,21.598,1800182152,1800196551,1800186007.0,,39.8416,6,28.82,217.11,,"{""n_episodes"": 5}",1510492507,216
RUN_00170,ATM_005,train,SENSOR_FAULT,SENSOR_BIAS,0.622,1805463440,1805477839,1805467706.0,,36.7679,2,28.49,220.05,light,"{""kind"": ""SENSOR_BIAS"", ""channel"": ""light"", ""sigmas"": -36.76789822007089}",1715129125,233
RUN_00041,ATM_004,test,COOLING_FAILURE,COOLING_DEGRADATION,20.735,1794390244,1794404643,1794394480.0,1794401641.0,0.8744,19,38.48,218.23,,"{""develop_s"": 3165.1066873959726, ""health_floor"": 0.1256434610011824}",575831031,48
RUN_00107,ATM_025,train,TAMPER,TAMPER,15.573,1800074062,1800088461,1800080740.0,,41.918,47,29.85,213.77,,"{""n_episodes"": 5}",1209650020,225
RUN_00147,ATM_002,validation,TAMPER,TAMPER,23.608,1803558989,1803573388,1803565868.0,,39.6264,3,28.62,208.75,,"{""n_episodes"": 4}",778973133,41
RUN_00058,ATM_023,train,HIGH_HUMIDITY,HIGH_HUMIDITY,16.235,1795842847,1795857246,1795849068.0,,0.6286,57,29.98,217.03,,"{""develop_s"": 3835.7109984972976, ""ah_multiplier"": 1.6285528194679186}",259422600,233
RUN_00135,ATM_040,train,TAMPER,TAMPER,3.501,1802449805,1802464204,1802455153.0,,43.6252,7,28.7,216.39,,"{""n_episodes"": 5}",1760409,218
RUN_00092,ATM_008,train,POWER_FAILURE,POWER_INSTABILITY,17.171,1798783815,1798798214,1798788730.0,,28.7005,41,29.6,141.15,,"{""event_rate_per_hour"": 90.57886336339647, ""n_events"": 232}",733772353,233
RUN_00022,ATM_002,validation,NORMAL,NORMAL,16.934,1792734963,1792749362,,,0.0,43,29.81,217.27,,{},615564077,48
RUN_00082,ATM_022,train,POWER_FAILURE,POWER_OVERVOLTAGE,14.571,1797910456,1797924855,1797916832.0,,39.904,40,29.89,218.91,,"{""develop_s"": 774.2895845092909, ""target_v"": 269.903976633343}",731844033,233
RUN_00115,ATM_036,train,TAMPER,TAMPER,2.092,1800716732,1800731131,1800723802.0,,42.3848,5,28.97,222.55,,"{""n_episodes"": 4}",1951549900,221
